window_days,min_cum_ret,start_idx,end_idx
1,-0.320550,200,200
3,-0.392306,198,200
7,-0.457640,38,44
14,-0.643454,34,47
21,-0.484556,180,200
30,-0.595931,173,202
40,-0.310106,161,200
50,-0.355181,158,207
60,0.017119,145,204
70,0.490669,136,205
80,0.776328,121,200
90,0.776328,117,206
100,0.829001,104,203
